{"assets/fonts/Rubik-Black.ttf":["assets/fonts/Rubik-Black.ttf"],"assets/fonts/Rubik-BlackItalic.ttf":["assets/fonts/Rubik-BlackItalic.ttf"],"assets/fonts/Rubik-Bold.ttf":["assets/fonts/Rubik-Bold.ttf"],"assets/fonts/Rubik-BoldItalic.ttf":["assets/fonts/Rubik-BoldItalic.ttf"],"assets/fonts/Rubik-ExtraBold.ttf":["assets/fonts/Rubik-ExtraBold.ttf"],"assets/fonts/Rubik-ExtraBoldItalic.ttf":["assets/fonts/Rubik-ExtraBoldItalic.ttf"],"assets/fonts/Rubik-Italic.ttf":["assets/fonts/Rubik-Italic.ttf"],"assets/fonts/Rubik-Light.ttf":["assets/fonts/Rubik-Light.ttf"],"assets/fonts/Rubik-LightItalic.ttf":["assets/fonts/Rubik-LightItalic.ttf"],"assets/fonts/Rubik-Medium.ttf":["assets/fonts/Rubik-Medium.ttf"],"assets/fonts/Rubik-MediumItalic.ttf":["assets/fonts/Rubik-MediumItalic.ttf"],"assets/fonts/Rubik-Regular.ttf":["assets/fonts/Rubik-Regular.ttf"],"assets/fonts/Rubik-SemiBold.ttf":["assets/fonts/Rubik-SemiBold.ttf"],"assets/fonts/Rubik-SemiBoldItalic.ttf":["assets/fonts/Rubik-SemiBoldItalic.ttf"],"assets/images/british.png":["assets/images/british.png"],"assets/images/education.png":["assets/images/education.png"],"assets/images/hobby.png":["assets/images/hobby.png"],"assets/images/job.png":["assets/images/job.png"],"assets/images/russian.png":["assets/images/russian.png"],"assets/images/sport.png":["assets/images/sport.png"],"assets/images/time_1.png":["assets/images/time_1.png"],"packages/cupertino_icons/assets/CupertinoIcons.ttf":["packages/cupertino_icons/assets/CupertinoIcons.ttf"]}