[{"family":"MaterialIcons","fonts":[{"asset":"fonts/MaterialIcons-Regular.otf"}]},{"family":"Rubik","fonts":[{"asset":"assets/fonts/Rubik-Black.ttf"},{"asset":"assets/fonts/Rubik-BlackItalic.ttf"},{"asset":"assets/fonts/Rubik-Bold.ttf"},{"asset":"assets/fonts/Rubik-BoldItalic.ttf"},{"asset":"assets/fonts/Rubik-ExtraBold.ttf"},{"asset":"assets/fonts/Rubik-ExtraBoldItalic.ttf"},{"asset":"assets/fonts/Rubik-Italic.ttf"},{"asset":"assets/fonts/Rubik-Light.ttf"},{"asset":"assets/fonts/Rubik-LightItalic.ttf"},{"asset":"assets/fonts/Rubik-Medium.ttf"},{"asset":"assets/fonts/Rubik-MediumItalic.ttf"},{"asset":"assets/fonts/Rubik-Regular.ttf"},{"asset":"assets/fonts/Rubik-SemiBold.ttf"},{"asset":"assets/fonts/Rubik-SemiBoldItalic.ttf"}]},{"family":"packages/cupertino_icons/CupertinoIcons","fonts":[{"asset":"packages/cupertino_icons/assets/CupertinoIcons.ttf"}]}]